page,query,clicks,impressions,ctr,position
https://www.landgut-seebuehne.de/,landgut seebühne,597,1713,0.34851138353765326,1.084063047285464
https://www.landgut-seebuehne.de/,seebühne vestenbergsgreuth,433,1140,0.3798245614035088,1.055263157894737
https://www.landgut-seebuehne.de/,vestenbergsgreuth seebühne,63,205,0.3073170731707317,1.1170731707317074
https://www.landgut-seebuehne.de/,kulturcafe seebühne,62,147,0.4217687074829932,1.0408163265306123
https://www.landgut-seebuehne.de/,vestenbergsgreuth hochzeit,35,119,0.29411764705882354,1.1176470588235294
https://www.landgut-seebuehne.de/,seebühne,30,1322,0.0226928895612708,10.333585476550681
https://www.landgut-seebuehne.de/,seebühne hochzeit,27,95,0.28421052631578947,1.1052631578947367
https://www.landgut-seebuehne.de/,seebühne landgut,15,29,0.5172413793103449,1.0689655172413792
https://www.landgut-seebuehne.de/,bilder von landgut seebühne,11,144,0.0763888888888889,1.9930555555555556
https://www.landgut-seebuehne.de/,cafe vestenbergsgreuth,10,238,0.04201680672268908,2.428571428571429
https://www.landgut-seebuehne.de/impressum,landgut seebühne,10,1641,0.006093845216331505,6.232784887263864
https://www.landgut-seebuehne.de/,landgut seebühne vestenbergsgreuth,8,11,0.7272727272727273,1.5454545454545454
https://www.landgut-seebuehne.de/hochzeitsmappe,hochzeitsmappe,7,170,0.041176470588235294,5.476470588235294
https://www.landgut-seebuehne.de/,rezensionen für landgut seebühne,6,164,0.036585365853658534,2.4451219512195124
https://www.landgut-seebuehne.de/,hochzeitslocation in der nähe,5,115,0.043478260869565216,2.6347826086956525
https://www.landgut-seebuehne.de/,hochzeitslocation franken,4,48,0.08333333333333333,5.1875
https://www.landgut-seebuehne.de/,hochzeitslocation mittelfranken,4,423,0.009456264775413711,18.43498817966903
https://www.landgut-seebuehne.de/,vestenbergsgreuth cafe,4,92,0.043478260869565216,1.5869565217391304
https://www.landgut-seebuehne.de/,hochzeitslocation,3,136,0.022058823529411766,4.095588235294118
https://www.landgut-seebuehne.de/,landgut seebühne rezensionen,3,41,0.07317073170731707,1.8292682926829267
https://www.landgut-seebuehne.de/preise,landgut seebühne,3,99,0.030303030303030304,2.242424242424242
https://www.landgut-seebuehne.de/,geheimtipp hochzeitslocation franken,2,52,0.038461538461538464,6.230769230769231
https://www.landgut-seebuehne.de/,hochzeit am see franken,2,35,0.05714285714285714,2.3714285714285714
https://www.landgut-seebuehne.de/,hochzeit feiern in der nähe,2,17,0.11764705882352941,2.5882352941176467
https://www.landgut-seebuehne.de/,hochzeitslocation erlangen,2,37,0.05405405405405406,17
https://www.landgut-seebuehne.de/,krimidinner in der nähe,2,16,0.125,4.625
https://www.landgut-seebuehne.de/,vestenbergsgreuth,2,3,0.6666666666666666,1
https://www.landgut-seebuehne.de/,vestenbergsgreuth restaurant,2,54,0.037037037037037035,12.12962962962963
https://www.landgut-seebuehne.de/impressum,seebühne vestenbergsgreuth,2,368,0.005434782608695652,4.323369565217391
https://www.landgut-seebuehne.de/,bauernhof hochzeit,1,1,1,2
https://www.landgut-seebuehne.de/,eventscheune,1,5,0.2,2.8
https://www.landgut-seebuehne.de/,freie trauung am see,1,2,0.5,3
https://www.landgut-seebuehne.de/,hochzeit am see,1,43,0.023255813953488372,4.162790697674419
https://www.landgut-seebuehne.de/,hochzeit am see in der nähe,1,30,0.03333333333333333,4.233333333333333
https://www.landgut-seebuehne.de/,hochzeit feiern location,1,2,0.5,2
https://www.landgut-seebuehne.de/,hochzeitslocation am see,1,122,0.00819672131147541,38.35245901639344
https://www.landgut-seebuehne.de/,hochzeitslocation im freien in der nähe,1,1,1,2
https://www.landgut-seebuehne.de/,hochzeitslocation landkreis bamberg,1,6,0.16666666666666666,12.833333333333334
https://www.landgut-seebuehne.de/,hochzeitslocation mit garten,1,2,0.5,2
https://www.landgut-seebuehne.de/,hochzeitslocation mit see,1,3,0.3333333333333333,1.3333333333333333
https://www.landgut-seebuehne.de/,hochzeitslocation see,1,20,0.05,29.2
https://www.landgut-seebuehne.de/,hochzeitsscheune,1,7,0.14285714285714285,2.571428571428571
https://www.landgut-seebuehne.de/,neustadt aisch cafe,1,1,1,1
https://www.landgut-seebuehne.de/,outdoor wedding venues in germany,1,2,0.5,11.5
https://www.landgut-seebuehne.de/,partyservice italienisch,1,1,1,1
https://www.landgut-seebuehne.de/,räume zum mieten,1,2,0.5,1
https://www.landgut-seebuehne.de/,scheune hochzeit in der nähe,1,11,0.09090909090909091,3.272727272727273
https://www.landgut-seebuehne.de/,scheune mieten,1,2,0.5,3.5
https://www.landgut-seebuehne.de/,scheunenhochzeit in der nähe,1,1,1,2
https://www.landgut-seebuehne.de/,seebuhne,1,9,0.1111111111111111,7.333333333333333
https://www.landgut-seebuehne.de/,seebühnen,1,4,0.25,2
https://www.landgut-seebuehne.de/,vestenbergsgreuth gaststätte,1,97,0.010309278350515464,12.154639175257731
https://www.landgut-seebuehne.de/hochzeitsmappe,landgut seebühne,1,10,0.1,9.8
https://www.landgut-seebuehne.de/page-ha0a71x0wl,landgut seebühne,1,85,0.011764705882352941,1.9529411764705882
https://www.landgut-seebuehne.de/page-j4jy8j2l17,landgut seebühne hochzeit,1,1,1,3
https://www.landgut-seebuehne.de/preise-basis,landgut seebühne,1,93,0.010752688172043012,1.935483870967742
https://www.landgut-seebuehne.de/,91487,0,2,0,97
https://www.landgut-seebuehne.de/,91487 vestenbergsgreuth,0,1,0,42
https://www.landgut-seebuehne.de/,after wedding am see,0,90,0,11.477777777777778
https://www.landgut-seebuehne.de/,ahrenshof hochzeit,0,3,0,70.33333333333333
https://www.landgut-seebuehne.de/,am see heiraten,0,2,0,1
https://www.landgut-seebuehne.de/,außergewöhnliche hochzeitslocation,0,2,0,9.5
https://www.landgut-seebuehne.de/,besondere hochzeitslocation,0,1,0,3
https://www.landgut-seebuehne.de/,biergarten vestenbergsgreuth,0,1,0,1
https://www.landgut-seebuehne.de/,bowlingbahn,0,1,0,5
https://www.landgut-seebuehne.de/,buchhaltung hochzeitslocation,0,19,0,10.736842105263158
https://www.landgut-seebuehne.de/,buffet hochzeit,0,1,0,10
https://www.landgut-seebuehne.de/,burghaslach,0,1,0,1
https://www.landgut-seebuehne.de/,bühne,0,2,0,9
https://www.landgut-seebuehne.de/,bühne mieten,0,1,0,4
https://www.landgut-seebuehne.de/,bühne oberschwappach,0,1,0,3
https://www.landgut-seebuehne.de/,cafe,0,1,0,1
https://www.landgut-seebuehne.de/,cafe in der nähe,0,3,0,4
https://www.landgut-seebuehne.de/,café am see in der nähe,0,1,0,4
https://www.landgut-seebuehne.de/,die hochzeit,0,1,0,11
https://www.landgut-seebuehne.de/,dj,0,1,0,1
https://www.landgut-seebuehne.de/,erlangen-höchstadt hochzeitskleider,0,32,0,71.6875
https://www.landgut-seebuehne.de/,essen für hochzeit,0,1,0,1
https://www.landgut-seebuehne.de/,event location in der nähe,0,4,0,1.75
https://www.landgut-seebuehne.de/,event location würzburg,0,1,0,2
https://www.landgut-seebuehne.de/,eventlocation,0,1,0,4
https://www.landgut-seebuehne.de/,eventlocation berge see,0,2,0,28
https://www.landgut-seebuehne.de/,eventlocation hochzeit,0,3,0,22
https://www.landgut-seebuehne.de/,eventlocation hochzeit in der nähe,0,1,0,2
https://www.landgut-seebuehne.de/,eventlocation in der nähe,0,3,0,15.333333333333334
https://www.landgut-seebuehne.de/,eventlocation mit garten,0,1,0,2
https://www.landgut-seebuehne.de/,eventlocation mit seeblick,0,7,0,94.85714285714286
https://www.landgut-seebuehne.de/,eventscheune in der nähe,0,8,0,2
https://www.landgut-seebuehne.de/,exklusive eventlocation,0,1,0,21
https://www.landgut-seebuehne.de/,exklusive hochzeiten oldenburg,0,15,0,98.66666666666667
https://www.landgut-seebuehne.de/,exklusive hochzeitsfotografie landshut,0,1,0,84
https://www.landgut-seebuehne.de/,exklusive hochzeitslocation,0,43,0,60.2093023255814
https://www.landgut-seebuehne.de/,farm wedding venues,0,1,0,4
https://www.landgut-seebuehne.de/,feier am see,0,3,0,26
https://www.landgut-seebuehne.de/,feier location in der nähe,0,1,0,3
https://www.landgut-seebuehne.de/,feier locations in der nähe,0,2,0,6.5
https://www.landgut-seebuehne.de/,feierlocation erlangen,0,1,0,33
https://www.landgut-seebuehne.de/,feierlocation mit übernachtung,0,1,0,7
https://www.landgut-seebuehne.de/,feiern am see,0,1,0,13
https://www.landgut-seebuehne.de/,feiern am see in der nähe,0,1,0,1
https://www.landgut-seebuehne.de/,feiern in der nähe,0,2,0,2.5
https://www.landgut-seebuehne.de/,feiern und übernachten in der nähe,0,2,0,13
https://www.landgut-seebuehne.de/,feste feiern,0,1,0,11
https://www.landgut-seebuehne.de/,feste feiern in der nähe,0,3,0,3.3333333333333335
https://www.landgut-seebuehne.de/,festscheune,0,2,0,3
https://www.landgut-seebuehne.de/,festscheune in der nähe,0,2,0,2.5
https://www.landgut-seebuehne.de/,freie trauung erlangen,0,2,0,25
https://www.landgut-seebuehne.de/,freie trauung in der nähe,0,1,0,10
https://www.landgut-seebuehne.de/,freie trauung location,0,6,0,85.33333333333333
https://www.landgut-seebuehne.de/,freie trauung location in der nähe,0,1,0,1
https://www.landgut-seebuehne.de/,freie trauung mittelfranken,0,24,0,30.791666666666668
https://www.landgut-seebuehne.de/,freizeit mittelfranken,0,7,0,93.42857142857143
https://www.landgut-seebuehne.de/,garten für hochzeit mieten,0,1,0,2
https://www.landgut-seebuehne.de/,garten location mieten,0,1,0,2
https://www.landgut-seebuehne.de/,gartenhochzeit bayern,0,9,0,70
https://www.landgut-seebuehne.de/,gartenhochzeit location,0,1,0,20
https://www.landgut-seebuehne.de/,gartenhochzeit nürnberg,0,65,0,32.892307692307696
https://www.landgut-seebuehne.de/,geburtstag feiern in der nähe,0,1,0,1
https://www.landgut-seebuehne.de/,geburtstags location,0,1,0,2
https://www.landgut-seebuehne.de/,gut oestergaard hochzeit,0,1,0,34
https://www.landgut-seebuehne.de/,gut wolfgangshof hochzeit,0,1,0,67
https://www.landgut-seebuehne.de/,hauptstraße 32 erlangen,0,1,0,58
https://www.landgut-seebuehne.de/,hcohzeit,0,1,0,6
https://www.landgut-seebuehne.de/,heiraten am brombachsee,0,1,0,13
https://www.landgut-seebuehne.de/,heiraten am see,0,18,0,11.777777777777779
https://www.landgut-seebuehne.de/,heiraten am see bayern,0,45,0,35.022222222222226
https://www.landgut-seebuehne.de/,heiraten am see deutschland,0,5,0,40.6
https://www.landgut-seebuehne.de/,heiraten auf see,0,1,0,95
https://www.landgut-seebuehne.de/,heiraten fränkische schweiz,0,1,0,3
https://www.landgut-seebuehne.de/,heiraten herrnhut,0,3,0,26.666666666666668
https://www.landgut-seebuehne.de/,heiraten in der nähe,0,5,0,18.8
https://www.landgut-seebuehne.de/,heiraten in franken,0,42,0,70.66666666666667
https://www.landgut-seebuehne.de/,heiraten landgut am hochwald,0,1,0,49
https://www.landgut-seebuehne.de/,heuraten,0,1,0,6
https://www.landgut-seebuehne.de/,hochzeit,0,21,0,6.9523809523809526
https://www.landgut-seebuehne.de/,hochzeit am see bayern,0,57,0,61.228070175438596
https://www.landgut-seebuehne.de/,hochzeit am see deutschland,0,6,0,37.666666666666664
https://www.landgut-seebuehne.de/,hochzeit am wasser,0,1,0,12
https://www.landgut-seebuehne.de/,hochzeit bayern see,0,13,0,37.84615384615385
https://www.landgut-seebuehne.de/,hochzeit erlangen,0,3,0,3.3333333333333335
https://www.landgut-seebuehne.de/,hochzeit feier,0,2,0,2
https://www.landgut-seebuehne.de/,hochzeit feiern erlangen,0,102,0,71.99019607843137
https://www.landgut-seebuehne.de/,hochzeit feiern mit übernachtung,0,1,0,3
https://www.landgut-seebuehne.de/,hochzeit franken,0,4,0,3
https://www.landgut-seebuehne.de/,hochzeit fränkische schweiz,0,1,0,4
https://www.landgut-seebuehne.de/,hochzeit gerhardshofen,0,1,0,13
https://www.landgut-seebuehne.de/,hochzeit haus am see,0,1,0,95
https://www.landgut-seebuehne.de/,hochzeit in der nähe,0,4,0,1.5
https://www.landgut-seebuehne.de/,hochzeit in franken,0,2,0,2
https://www.landgut-seebuehne.de/,hochzeit location,0,3,0,6.333333333333333
https://www.landgut-seebuehne.de/,hochzeit neustadt aisch,0,31,0,85.64516129032258
https://www.landgut-seebuehne.de/,hochzeit neustadt am rübenberge,0,4,0,64.25
https://www.landgut-seebuehne.de/,hochzeit oase weil,0,1,0,99
https://www.landgut-seebuehne.de/,hochzeit oaseweil,0,70,0,24.271428571428572
https://www.landgut-seebuehne.de/,hochzeit platz finden,0,1,0,2
https://www.landgut-seebuehne.de/,hochzeit restaurant,0,1,0,3
https://www.landgut-seebuehne.de/,hochzeit scheune,0,2,0,2.5
https://www.landgut-seebuehne.de/,hochzeit scheune st georg,0,6,0,71.83333333333333
https://www.landgut-seebuehne.de/,hochzeit see,0,2,0,2
https://www.landgut-seebuehne.de/,hochzeit see bayern,0,7,0,70
https://www.landgut-seebuehne.de/,hochzeit stuhlhussen nürnberg,0,2,0,93
https://www.landgut-seebuehne.de/,hochzeit uehlfeld,0,128,0,1.8203125
https://www.landgut-seebuehne.de/,hochzeiten am see,0,118,0,58.16101694915254
https://www.landgut-seebuehne.de/,hochzeitlocation,0,3,0,3.3333333333333335
https://www.landgut-seebuehne.de/,hochzeits locations,0,1,0,2
https://www.landgut-seebuehne.de/,hochzeitsfeier,0,3,0,4.666666666666666
https://www.landgut-seebuehne.de/,hochzeitsfeier erlangen,0,70,0,71.81428571428572
https://www.landgut-seebuehne.de/,hochzeitsfeier in der nähe,0,3,0,2.666666666666667
https://www.landgut-seebuehne.de/,hochzeitsfeier location in der nähe,0,2,0,2
https://www.landgut-seebuehne.de/,hochzeitsfotos see,0,4,0,46
https://www.landgut-seebuehne.de/,hochzeitshalle in der nähe,0,2,0,2
https://www.landgut-seebuehne.de/,hochzeitskleid erlangen-höchstadt,0,31,0,70.09677419354838
https://www.landgut-seebuehne.de/,hochzeitskleider erlangen-höchstadt,0,34,0,73.29411764705883
https://www.landgut-seebuehne.de/,hochzeitslocation am see bayern,0,102,0,42.029411764705884
https://www.landgut-seebuehne.de/,hochzeitslocation am see deutschland,0,1,0,20
https://www.landgut-seebuehne.de/,hochzeitslocation am see in der nähe,0,7,0,8.142857142857142
https://www.landgut-seebuehne.de/,hochzeitslocation am wasser,0,10,0,2.7
https://www.landgut-seebuehne.de/,hochzeitslocation ansbach,0,1,0,1
https://www.landgut-seebuehne.de/,hochzeitslocation bamberg,0,4,0,5
https://www.landgut-seebuehne.de/,hochzeitslocation bayern am see,0,7,0,12.428571428571429
https://www.landgut-seebuehne.de/,hochzeitslocation bayern see,0,5,0,48.6
https://www.landgut-seebuehne.de/,hochzeitslocation deutschland see,0,4,0,6.25
https://www.landgut-seebuehne.de/,hochzeitslocation erlangen-nürnberg,0,16,0,57.5
https://www.landgut-seebuehne.de/,hochzeitslocation filderstadt,0,4,0,39
https://www.landgut-seebuehne.de/,hochzeitslocation finden,0,2,0,1
https://www.landgut-seebuehne.de/,hochzeitslocation franken scheune,0,1,0,4
https://www.landgut-seebuehne.de/,hochzeitslocation fränkische schweiz,0,2,0,8.5
https://www.landgut-seebuehne.de/,hochzeitslocation garten,0,1,0,4
https://www.landgut-seebuehne.de/,hochzeitslocation geheimtipp,0,1,0,12
https://www.landgut-seebuehne.de/,hochzeitslocation im freien,0,2,0,2
https://www.landgut-seebuehne.de/,hochzeitslocation in der nähe scheune,0,1,0,2
https://www.landgut-seebuehne.de/,hochzeitslocation lamplstätt,0,1,0,35
https://www.landgut-seebuehne.de/,hochzeitslocation lauf,0,12,0,103.08333333333333
https://www.landgut-seebuehne.de/,hochzeitslocation mediterran,0,1,0,1
https://www.landgut-seebuehne.de/,hochzeitslocation nach postleitzahl,0,6,0,87.16666666666667
https://www.landgut-seebuehne.de/,hochzeitslocation neustadt,0,6,0,32.5
https://www.landgut-seebuehne.de/,hochzeitslocation neustadt am rübenberge,0,3,0,53.333333333333336
https://www.landgut-seebuehne.de/,hochzeitslocation nürnberg,0,1,0,21
https://www.landgut-seebuehne.de/,hochzeitslocation nürnberger land,0,2,0,9
https://www.landgut-seebuehne.de/,hochzeitslocation oberfranken,0,5,0,17.8
https://www.landgut-seebuehne.de/,hochzeitslocation ohne catering,0,1,0,31
https://www.landgut-seebuehne.de/,hochzeitslocation orangerie,0,1,0,24
https://www.landgut-seebuehne.de/,hochzeitslocation outdoor,0,1,0,2
https://www.landgut-seebuehne.de/,hochzeitslocation scheune,0,2,0,2.5
https://www.landgut-seebuehne.de/,hochzeitslocation scheune in der nähe,0,2,0,2.5
https://www.landgut-seebuehne.de/,hochzeitslocation see bayern,0,4,0,7.75
https://www.landgut-seebuehne.de/,hochzeitslocation umgebung,0,1,0,2
https://www.landgut-seebuehne.de/,hochzeitslocation wald,0,1,0,3
https://www.landgut-seebuehne.de/,hochzeitslocation wessobrunn,0,22,0,75.22727272727273
https://www.landgut-seebuehne.de/,hochzeitslocation würzburg,0,2,0,1
https://www.landgut-seebuehne.de/,hochzeitslocations,0,5,0,3.8
https://www.landgut-seebuehne.de/,hochzeitslocations am see,0,80,0,64.975
https://www.landgut-seebuehne.de/,hochzeitslocations franken,0,5,0,5.2
https://www.landgut-seebuehne.de/,hochzeitslocations in der nähe,0,3,0,2.666666666666667
https://www.landgut-seebuehne.de/,hochzeitslocations in meiner nähe,0,1,0,2
https://www.landgut-seebuehne.de/,hochzeitslokal in der nähe,0,1,0,1
https://www.landgut-seebuehne.de/,hochzeitslokalitäten in der nähe,0,1,0,6
https://www.landgut-seebuehne.de/,hochzeitslokation,0,2,0,5.5
https://www.landgut-seebuehne.de/,hochzeitsplaner erlangen,0,16,0,62.75
https://www.landgut-seebuehne.de/,hochzeitsplaner franken,0,3,0,87.33333333333333
https://www.landgut-seebuehne.de/,hochzeitsplaner nürnberg,0,1,0,98
https://www.landgut-seebuehne.de/,hochzeitsplanerin erlangen,0,17,0,86.94117647058823
https://www.landgut-seebuehne.de/,hochzeitsplanerin nürnberg,0,26,0,99.26923076923077
https://www.landgut-seebuehne.de/,hochzeitsplanung erlangen,0,66,0,80.15151515151516
https://www.landgut-seebuehne.de/,hochzeitsräumlichkeiten in der nähe,0,2,0,2.5
https://www.landgut-seebuehne.de/,hochzeitssaal erlangen,0,3,0,3.6666666666666665
https://www.landgut-seebuehne.de/,hochzeitsscheune franken,0,2,0,1
https://www.landgut-seebuehne.de/,hochzeitsscheune fränkische schweiz,0,2,0,2.5
https://www.landgut-seebuehne.de/,hochzeitsstadl in der nähe,0,3,0,3
https://www.landgut-seebuehne.de/,hochzeitssäle nürnberg,0,2,0,54.5
https://www.landgut-seebuehne.de/,hochzeitsvideo erlangen,0,5,0,97.6
https://www.landgut-seebuehne.de/,hochzeitsvideo in der nähe,0,113,0,43.36283185840708
https://www.landgut-seebuehne.de/,hochzeitsvilla am see,0,1,0,68
https://www.landgut-seebuehne.de/,hochzwit,0,1,0,2
https://www.landgut-seebuehne.de/,hofgut hochzeit,0,1,0,81
https://www.landgut-seebuehne.de/,hofgut lamplstätt,0,1,0,59
https://www.landgut-seebuehne.de/,hofgut übersberg hochzeit,0,1,0,44
https://www.landgut-seebuehne.de/,horzeit,0,1,0,8
https://www.landgut-seebuehne.de/,kaffee am see in der nähe,0,1,0,1
https://www.landgut-seebuehne.de/,kleine hochzeit am see,0,5,0,1.4
https://www.landgut-seebuehne.de/,kleine hochzeitslocation,0,1,0,1
https://www.landgut-seebuehne.de/,kleine hochzeitslocation in der nähe,0,1,0,4
https://www.landgut-seebuehne.de/,kleine saal mieten in der nähe,0,1,0,3
https://www.landgut-seebuehne.de/,kosten hochzeit 100 gäste,0,1,0,36
https://www.landgut-seebuehne.de/,krimidinner,0,2,0,15
https://www.landgut-seebuehne.de/,kulturcafe,0,32,0,77.40625
https://www.landgut-seebuehne.de/,kulturcafe nürnberg,0,5,0,16.4
https://www.landgut-seebuehne.de/,kulturcafé,0,12,0,81
https://www.landgut-seebuehne.de/,lamplstätt,0,1,0,36
https://www.landgut-seebuehne.de/,landgut,0,52,0,6.096153846153846
https://www.landgut-seebuehne.de/,landgut hochzeit,0,14,0,18.071428571428573
https://www.landgut-seebuehne.de/,landgut marienhöhe,0,1,0,27
https://www.landgut-seebuehne.de/,landgut neustadt,0,1,0,33
https://www.landgut-seebuehne.de/,landgut seebühne fotos,0,12,0,1
https://www.landgut-seebuehne.de/,landgut seebühne hochzeit,0,1,0,1
https://www.landgut-seebuehne.de/,landgut seebühne preise,0,4,0,3.5
https://www.landgut-seebuehne.de/,landhaus friedrichsfehn hochzeit,0,9,0,37.333333333333336
https://www.landgut-seebuehne.de/,landhaus hochzeit,0,6,0,19.833333333333332
https://www.landgut-seebuehne.de/,location am see,0,1,0,4
https://www.landgut-seebuehne.de/,location erlangen,0,9,0,88.66666666666667
https://www.landgut-seebuehne.de/,location für hochzeit in der nähe,0,3,0,2
https://www.landgut-seebuehne.de/,location für kleine hochzeit,0,1,0,2
https://www.landgut-seebuehne.de/,location hochzeit,0,10,0,9.6
https://www.landgut-seebuehne.de/,location hochzeit in der nähe,0,5,0,4
https://www.landgut-seebuehne.de/,location in der nähe hochzeit,0,1,0,1
https://www.landgut-seebuehne.de/,location mieten hochzeit,0,1,0,10
https://www.landgut-seebuehne.de/,location mieten in der nähe,0,3,0,1.6666666666666665
https://www.landgut-seebuehne.de/,location see,0,2,0,9.5
https://www.landgut-seebuehne.de/,locations zum feiern,0,1,0,4
https://www.landgut-seebuehne.de/,lütjenhof,0,1,0,31
https://www.landgut-seebuehne.de/,mediterrane hochzeitslocation,0,1,0,12
https://www.landgut-seebuehne.de/,mieten für geburtstag,0,1,0,12
https://www.landgut-seebuehne.de/,muckensee lorch hochzeit,0,1,0,94
https://www.landgut-seebuehne.de/,natürliche hochzeiten,0,10,0,91.2
https://www.landgut-seebuehne.de/,neustadt hochzeitssaal,0,1,0,47
https://www.landgut-seebuehne.de/,outdoor hochzeit,0,1,0,2
https://www.landgut-seebuehne.de/,outdoor location mieten,0,1,0,5
https://www.landgut-seebuehne.de/,pflugsmühle hochzeit,0,3,0,56
https://www.landgut-seebuehne.de/,raum für geburtstag mieten,0,1,0,1
https://www.landgut-seebuehne.de/,raum mieten geburtstag,0,1,0,7
https://www.landgut-seebuehne.de/,raum mieten hochzeit,0,1,0,7
https://www.landgut-seebuehne.de/,raum zum feiern mieten,0,1,0,4
https://www.landgut-seebuehne.de/,restaurant hochzeit,0,2,0,1.5
https://www.landgut-seebuehne.de/,restaurants für hochzeiten,0,1,0,3
https://www.landgut-seebuehne.de/,rockig,0,1,0,1
https://www.landgut-seebuehne.de/,räume mieten,0,1,0,13
https://www.landgut-seebuehne.de/,räume mieten in der nähe,0,2,0,3
https://www.landgut-seebuehne.de/,räume zu mieten,0,1,0,4
https://www.landgut-seebuehne.de/,saal mieten,0,3,0,2.333333333333333
https://www.landgut-seebuehne.de/,schaukelweg vestenbergsgreuth,0,1,0,2
https://www.landgut-seebuehne.de/,scheinfeld maps,0,1,0,1
https://www.landgut-seebuehne.de/,scherauer hof hochzeit,0,2,0,69.5
https://www.landgut-seebuehne.de/,scheune für hochzeit,0,2,0,3.5
https://www.landgut-seebuehne.de/,scheune heiraten,0,1,0,2
https://www.landgut-seebuehne.de/,scheune hochzeit,0,3,0,3
https://www.landgut-seebuehne.de/,scheune in der nähe,0,1,0,21
https://www.landgut-seebuehne.de/,scheune mieten für hochzeit,0,2,0,6
https://www.landgut-seebuehne.de/,scheune mieten in der nähe,0,2,0,1.5
https://www.landgut-seebuehne.de/,scheune zum feiern,0,3,0,3
https://www.landgut-seebuehne.de/,scheune zum heiraten,0,1,0,3
https://www.landgut-seebuehne.de/,scheune zum mieten,0,1,0,13
https://www.landgut-seebuehne.de/,scheunen hochzeitslocation,0,1,0,3
https://www.landgut-seebuehne.de/,scheunen mieten hochzeit,0,1,0,3
https://www.landgut-seebuehne.de/,scheunenhochzeit,0,2,0,5.5
https://www.landgut-seebuehne.de/,schöne hochzeitslocation,0,2,0,6
https://www.landgut-seebuehne.de/,schöne hochzeitslocation in der nähe,0,1,0,4
https://www.landgut-seebuehne.de/,schöne standesämter mittelfranken,0,1,0,54
https://www.landgut-seebuehne.de/,schönsee hochzeit,0,5,0,47.6
https://www.landgut-seebuehne.de/,see bühne,0,21,0,11.19047619047619
https://www.landgut-seebuehne.de/,see hochzeit,0,3,0,37
https://www.landgut-seebuehne.de/,see mittelfranken,0,3,0,17
https://www.landgut-seebuehne.de/,seeblick sondern,0,2,0,31.5
https://www.landgut-seebuehne.de/,seebphne,0,44,0,7.5227272727272725
https://www.landgut-seebuehne.de/,seebuehne,0,21,0,36.04761904761905
https://www.landgut-seebuehne.de/,seebühne 2025,0,1,0,4
https://www.landgut-seebuehne.de/,seebühnen deutschland,0,2,0,2
https://www.landgut-seebuehne.de/,seebühnr,0,1,0,1
https://www.landgut-seebuehne.de/,seecafe nürnberg,0,1,0,30
https://www.landgut-seebuehne.de/,seeglühen hof,0,1,0,4
https://www.landgut-seebuehne.de/,seehaus hochzeit,0,2,0,63
https://www.landgut-seebuehne.de/,seehaus nürnberg,0,1,0,36
https://www.landgut-seebuehne.de/,seen mittelfranken,0,4,0,20.75
https://www.landgut-seebuehne.de/,seewirts strandhaus hochzeit,0,1,0,57
https://www.landgut-seebuehne.de/,seminarhaus lamplstätt,0,2,0,51
https://www.landgut-seebuehne.de/,sommerrodelbahn,0,1,0,2
https://www.landgut-seebuehne.de/,standesamtliche trauung am see bayern,0,1,0,54
https://www.landgut-seebuehne.de/,taufe feiern restaurant,0,6,0,3.1666666666666665
https://www.landgut-seebuehne.de/,tipi hochzeit bayern,0,1,0,38
https://www.landgut-seebuehne.de/,traurednerin,0,1,0,1
https://www.landgut-seebuehne.de/,trauung am see,0,3,0,29.333333333333332
https://www.landgut-seebuehne.de/,uehlfeld hotels,0,5,0,62.2
https://www.landgut-seebuehne.de/,uehlfeld übernachtung,0,2,0,5.5
https://www.landgut-seebuehne.de/,veranstaltungsraum erlangen,0,7,0,102.14285714285714
https://www.landgut-seebuehne.de/,vestenbergsgreuth maps,0,1,0,1
https://www.landgut-seebuehne.de/,vestenbergsgreuth veranstaltungen,0,1,0,19
https://www.landgut-seebuehne.de/,villa durlangen,0,1,0,63
https://www.landgut-seebuehne.de/,wedding hochzeit,0,3,0,8
https://www.landgut-seebuehne.de/,wedding planer nürnberg,0,2,0,94.5
https://www.landgut-seebuehne.de/,wedding venue,0,2,0,7.5
https://www.landgut-seebuehne.de/,wedding venues,0,1,0,3
https://www.landgut-seebuehne.de/,weddingplaner erlangen,0,1,0,103
https://www.landgut-seebuehne.de/,weingartsgreuth maps,0,1,0,1
https://www.landgut-seebuehne.de/,weingut hochzeit,0,1,0,2
https://www.landgut-seebuehne.de/,wem location,0,3,0,37.666666666666664
https://www.landgut-seebuehne.de/,wo kann man hochzeit feiern,0,1,0,3
https://www.landgut-seebuehne.de/,wolfgangshof hochzeiten,0,1,0,57
https://www.landgut-seebuehne.de/,würzburg hochzeitslocation,0,1,0,2
https://www.landgut-seebuehne.de/bewerbung,landgut seebühne,0,83,0,1.9759036144578315
https://www.landgut-seebuehne.de/bewerbung,landgut seebühne vestenbergsgreuth,0,1,0,2
https://www.landgut-seebuehne.de/bewerbung,seebühne vestenbergsgreuth,0,15,0,1.9333333333333333
https://www.landgut-seebuehne.de/formular,landgut seebühne,0,27,0,1.9629629629629628
https://www.landgut-seebuehne.de/getting-ready,landgut seebühne,0,5,0,2
https://www.landgut-seebuehne.de/hochzeitsmappe,mappe für hochzeitsrede,0,8,0,11.375
https://www.landgut-seebuehne.de/hochzeitsmappe,mappe hochzeit,0,7,0,10.714285714285714
https://www.landgut-seebuehne.de/hochzeitsmappe,rednermappe hochzeit,0,10,0,12
https://www.landgut-seebuehne.de/hochzeitsmappe,seebühne hochzeit,0,16,0,9.75
https://www.landgut-seebuehne.de/impressum,bilder von landgut seebühne,0,1,0,4
https://www.landgut-seebuehne.de/impressum,landgut seebühne vestenbergsgreuth,0,11,0,5.454545454545454
https://www.landgut-seebuehne.de/impressum,seebühne,0,1,0,1
https://www.landgut-seebuehne.de/impressum,seebühne landgut,0,29,0,8.137931034482758
https://www.landgut-seebuehne.de/impressum,vestenbergsgreuth seebühne,0,66,0,13.56060606060606
https://www.landgut-seebuehne.de/kontaktformular,landgut seebühne,0,25,0,1.8399999999999999
https://www.landgut-seebuehne.de/page-ha0a71x0wl,hochzeitslocation mittelfranken,0,8,0,8.25
https://www.landgut-seebuehne.de/page-ha0a71x0wl,hochzeitslocation unterfranken,0,4,0,40.75
https://www.landgut-seebuehne.de/page-ha0a71x0wl,landgut seebühne hochzeit,0,1,0,11
https://www.landgut-seebuehne.de/page-ha0a71x0wl,landgut seebühne vestenbergsgreuth,0,1,0,2
https://www.landgut-seebuehne.de/page-ha0a71x0wl,seebühne vestenbergsgreuth,0,14,0,2
https://www.landgut-seebuehne.de/page-j4jy8j2l17,landgut seebühne,0,94,0,1.9361702127659575
https://www.landgut-seebuehne.de/page-j4jy8j2l17,landgut seebühne fotos,0,10,0,7.2
https://www.landgut-seebuehne.de/page-j4jy8j2l17,landgut seebühne preise,0,2,0,14
https://www.landgut-seebuehne.de/page-j4jy8j2l17,landgut seebühne vestenbergsgreuth,0,1,0,2
https://www.landgut-seebuehne.de/page-j4jy8j2l17,seebühne hochzeit,0,1,0,5
https://www.landgut-seebuehne.de/page-j4jy8j2l17,seebühne vestenbergsgreuth,0,15,0,1.9333333333333333
https://www.landgut-seebuehne.de/page-j4jy8j2l17,vestenbergsgreuth hochzeit,0,1,0,12
https://www.landgut-seebuehne.de/preise,landgut seebühne preise,0,4,0,1.75
https://www.landgut-seebuehne.de/preise,landgut seebühne vestenbergsgreuth,0,1,0,2
https://www.landgut-seebuehne.de/preise,seebühne vestenbergsgreuth,0,18,0,4.166666666666666
https://www.landgut-seebuehne.de/preise-basis,landgut seebühne preise,0,4,0,2.25
https://www.landgut-seebuehne.de/preise-basis,landgut seebühne vestenbergsgreuth,0,1,0,2
https://www.landgut-seebuehne.de/preise-basis,seebrücke sellin heiraten kosten,0,1,0,74
https://www.landgut-seebuehne.de/preise-basis,seebühne vestenbergsgreuth,0,15,0,1.9333333333333333
